"","run","enzyme.names","enzyme.forward","enzyme.reverse","enzyme.forward2","enzyme.reverse2","fragments_all","fragments_0_50","fragments_50_100","fragments_100_150","fragments_150_200","fragments_200_250","fragments_250_300","fragments_300_350","fragments_350_400","fragments_400_450","fragments_450_500","fragments_500_550"
"1",1,"sbf1","CCTGCA","GG","","",675,1,-1,2,2,-1,1,1,1,0,0,-1
"2",2,"ecor1","G","AATTC","","",8650,97,113,105,100,129,107,117,93,77,74,106
"3",3,"sph1","GCATG","C","","",10466,184,180,201,165,175,148,146,133,142,130,136
"4",4,"pst1","CTGCA","G","","",16426,490,476,390,385,366,335,309,322,317,307,292
"5",5,"msp1","C","CGG","","",101001,15893,12624,10128,8360,6905,5772,4869,4182,3642,3157,2713
"6",6,"mse1","T","TAA","","",120033,54341,11762,6846,5336,4236,3430,3002,2612,2224,2052,1860
"7",7,"sbf1-ecor1","CCTGCA","GG","G","AATTC",1229,10,14,19,12,15,4,7,10,4,10,22
"8",8,"sbf1-sph1","CCTGCA","GG","GCATG","C",1267,24,22,19,26,24,12,27,11,23,16,18
"9",9,"sbf1-pst1","CCTGCA","GG","CTGCA","G",6699,204,183,168,166,152,145,136,119,142,118,105
"10",10,"sbf1-msp1","CCTGCA","GG","C","CGG",1329,189,180,133,98,91,78,59,56,49,35,33
"11",11,"sbf1-mse1","CCTGCA","GG","T","TAA",1317,73,102,68,76,63,56,60,42,40,45,42
"12",12,"ecor1-sph1","G","AATTC","GCATG","C",14963,373,399,392,368,398,353,356,312,292,280,312
"13",13,"ecor1-pst1","G","AATTC","CTGCA","G",10747,332,360,329,281,301,281,254,281,265,240,231
"14",14,"ecor1-msp1","G","AATTC","C","CGG",15407,1907,1750,1412,1238,1078,950,777,757,634,512,461
"15",15,"ecor1-mse1","G","AATTC","T","TAA",14943,1564,1325,1132,1039,896,749,703,662,573,515,457
"16",16,"sph1-pst1","GCATG","C","CTGCA","G",12442,507,485,455,456,368,378,355,320,363,305,291
"17",17,"sph1-msp1","GCATG","C","C","CGG",110339,18488,14583,11672,9500,7775,6437,5327,4550,3893,3411,2842
"18",18,"sph1-mse1","GCATG","C","T","TAA",16915,1606,1403,1268,1109,1019,936,815,715,705,592,516
"19",19,"pst1-msp1","CTGCA","G","C","CGG",27647,4394,3754,2954,2384,1993,1642,1364,1200,988,826,778
"20",20,"pst1-mse1","CTGCA","G","T","TAA",23657,2051,2070,1807,1673,1538,1378,1210,1035,910,864,853
"21",21,"msp1-mse1","C","CGG","T","TAA",64948,11544,10245,8326,6610,5259,4296,3415,2828,2213,1760,1421
